id;name;created_date;created_by;last_modified_by;last_modified_date
ae35ef6e-d9e0-42f2-9fed-9bd349dfa7bb;Data copy invoice;2023-05-31T06:33:50;productivity Shoes input;District Intranet;2023-05-31T05:24:52
44d1468f-36e8-48b6-a6ce-cee855e884a9;Hat index;2023-05-30T20:19:48;Account Card;parse channels;2023-05-30T16:27:26
daa8feb1-f1d4-4649-a188-f94142dd7853;Fort Officer;2023-05-30T17:34:47;Palladium;Florida;2023-05-30T23:23:11
426c7ac3-c9f7-4ce9-b8bc-abe3839eeea5;index Gloves Place;2023-05-30T22:38:30;Public-key;Licensed International Officer;2023-05-30T12:56:11
2b1321e1-d469-4252-b9ad-42220953ca7b;convergence;2023-05-31T07:32:09;Avon;neural;2023-05-31T09:30:37
14869550-82a0-4b5f-a255-f209ec742fc7;Uganda envisioneer;2023-05-30T22:22:58;experiences Movies;Yemen Wisconsin transmitter;2023-05-30T11:32:27
ac7a1fa6-81a7-43f1-99e2-5664b10f2595;FTP;2023-05-30T14:57:11;Interactions;distributed ADP;2023-05-30T22:06:15
b530a601-3ec8-4e4c-94cf-cea388386973;Alley needs-based solutions;2023-05-30T23:10:22;policy;Outdoors;2023-05-31T07:47:11
49543d01-28e3-49c2-81fd-c1bc7998608b;Proactive algorithm grow;2023-05-31T03:12:23;deliver Account architectures;intranet;2023-05-31T04:53:00
7df3d360-c57a-40e1-9f27-4337fcbc62c0;Automated invoice;2023-05-30T15:06:31;Assistant Awesome Tome;Metal;2023-05-30T20:53:19
